Datum;Jahr;Monat;Produktlinie;Zielgroesse;ist_forecast;ist_wert;yhat;yhat_lower;yhat_upper;MAPE_Pct;Train_Ende
2022-01-01;2022;1;Service;Auftragseingang_TEUR;Ist;1196,0;1172,975481115008;1087,6183234028315;1266,6210771864141;22,21;2024-12
2022-02-01;2022;2;Service;Auftragseingang_TEUR;Ist;1188,3;1226,7778887092477;1136,2295949258626;1319,5868488800909;22,21;2024-12
2022-03-01;2022;3;Service;Auftragseingang_TEUR;Ist;1348,1;1316,3195451374665;1226,7771004451242;1400,097318072777;22,21;2024-12
2022-04-01;2022;4;Service;Auftragseingang_TEUR;Ist;1189,5;1359,7801649434712;1277,4080351438351;1443,3330234673379;22,21;2024-12
2022-05-01;2022;5;Service;Auftragseingang_TEUR;Ist;1400,3;1370,150154082426;1281,0992370782792;1456,7032887113094;22,21;2024-12
2022-06-01;2022;6;Service;Auftragseingang_TEUR;Ist;1470,8;1406,9843682257585;1325,9348203592954;1490,5007348739462;22,21;2024-12
2022-07-01;2022;7;Service;Auftragseingang_TEUR;Ist;1311,3;1309,414334372234;1228,827997937923;1394,7705241849942;22,21;2024-12
2022-08-01;2022;8;Service;Auftragseingang_TEUR;Ist;1110,7;1226,151733512196;1138,595010722199;1313,8351851092068;22,21;2024-12
2022-09-01;2022;9;Service;Auftragseingang_TEUR;Ist;1331,2;1366,5496672050224;1281,1156338355295;1455,1610408706395;22,21;2024-12
2022-10-01;2022;10;Service;Auftragseingang_TEUR;Ist;1595,1;1477,6010485182426;1385,105356800746;1570,5279684174102;22,21;2024-12
2022-11-01;2022;11;Service;Auftragseingang_TEUR;Ist;1622,4;1480,213315837864;1384,1082447361691;1565,9620660553032;22,21;2024-12
2022-12-01;2022;12;Service;Auftragseingang_TEUR;Ist;1812,4;1882,6960082173512;1795,1834077430117;1966,0816451795308;22,21;2024-12
2023-01-01;2023;1;Service;Auftragseingang_TEUR;Ist;1338,9;1339,9376828728077;1257,3794780460755;1432,5185246284213;22,21;2024-12
2023-02-01;2023;2;Service;Auftragseingang_TEUR;Ist;1344,7;1315,8493551293514;1230,6434294301132;1407,290793064628;22,21;2024-12
2023-03-01;2023;3;Service;Auftragseingang_TEUR;Ist;1364,2;1345,6172105397377;1259,1637690884038;1431,5234726943816;22,21;2024-12
2023-04-01;2023;4;Service;Auftragseingang_TEUR;Ist;1601,5;1447,4892930243743;1352,6758794731409;1534,602086139363;22,21;2024-12
2023-05-01;2023;5;Service;Auftragseingang_TEUR;Ist;1585,5;1557,4153012489464;1469,486599126637;1644,9305342448226;22,21;2024-12
2023-06-01;2023;6;Service;Auftragseingang_TEUR;Ist;1525,3;1529,74732639826;1442,417504696183;1615,7475252900053;22,21;2024-12
2023-07-01;2023;7;Service;Auftragseingang_TEUR;Ist;1418,0;1403,4986461719172;1312,9806535524187;1489,1340278941766;22,21;2024-12
2023-08-01;2023;8;Service;Auftragseingang_TEUR;Ist;1297,5;1233,3780871387582;1147,7184464048212;1320,1056726582965;22,21;2024-12
2023-09-01;2023;9;Service;Auftragseingang_TEUR;Ist;1441,2;1448,7781085725564;1361,00852938201;1545,1618559797857;22,21;2024-12
2023-10-01;2023;10;Service;Auftragseingang_TEUR;Ist;1514,6;1630,3726471324028;1545,051775155196;1717,285155316565;22,21;2024-12
2023-11-01;2023;11;Service;Auftragseingang_TEUR;Ist;1419,8;1551,18371687147;1461,7059975308891;1635,3380976196493;22,21;2024-12
2023-12-01;2023;12;Service;Auftragseingang_TEUR;Ist;2004,1;1992,6753437210405;1906,0169134794594;2081,8222658846726;22,21;2024-12
2024-01-01;2024;1;Service;Auftragseingang_TEUR;Ist;1478,6;1498,0998145368153;1411,4757772071603;1590,2291894655502;22,21;2024-12
2024-02-01;2024;2;Service;Auftragseingang_TEUR;Ist;1390,9;1385,178382092205;1301,4670284147403;1471,4673493570253;22,21;2024-12
2024-03-01;2024;3;Service;Auftragseingang_TEUR;Ist;1618,2;1663,6837717478254;1577,4901118611235;1755,2167794028628;22,21;2024-12
2024-04-01;2024;4;Service;Auftragseingang_TEUR;Ist;1599,1;1595,2263661907898;1511,4404610300212;1682,3474626004645;22,21;2024-12
2024-05-01;2024;5;Service;Auftragseingang_TEUR;Ist;1331,9;1384,5470652714891;1295,4612875225469;1472,3319448880632;22,21;2024-12
2024-06-01;2024;6;Service;Auftragseingang_TEUR;Ist;1502,8;1554,3239188174118;1464,2514861436123;1636,3872344965218;22,21;2024-12
2024-07-01;2024;7;Service;Auftragseingang_TEUR;Ist;1465,7;1480,4336713057148;1392,1866175954146;1565,8805643010053;22,21;2024-12
2024-08-01;2024;8;Service;Auftragseingang_TEUR;Ist;1597,4;1555,4613882385306;1464,6464466169125;1638,0422313617987;22,21;2024-12
2024-09-01;2024;9;Service;Auftragseingang_TEUR;Ist;1613,7;1574,7921734405427;1482,1565051872208;1662,1681585985068;22,21;2024-12
2024-10-01;2024;10;Service;Auftragseingang_TEUR;Ist;1559,8;1554,4341834802472;1466,1905251349392;1645,0817328971812;22,21;2024-12
2024-11-01;2024;11;Service;Auftragseingang_TEUR;Ist;1719,2;1721,268699979687;1640,2486060527383;1812,0266426222363;22,21;2024-12
2024-12-01;2024;12;Service;Auftragseingang_TEUR;Ist;2193,5;2142,1486137114466;2063,025838543569;2234,635895643294;22,21;2024-12
2025-01-01;2025;1;Service;Auftragseingang_TEUR;Forecast;;1346,1263272348995;1259,5047621361693;1430,127162668392;22,21;2024-12
2025-02-01;2025;2;Service;Auftragseingang_TEUR;Forecast;;1496,4925143350229;1403,53020939895;1584,5337024512933;22,21;2024-12
2025-03-01;2025;3;Service;Auftragseingang_TEUR;Forecast;;1677,4572653356756;1593,4377339429711;1762,6800459544381;22,21;2024-12
2025-04-01;2025;4;Service;Auftragseingang_TEUR;Forecast;;1664,3614996953881;1583,7891167656821;1750,5352351356587;22,21;2024-12
2025-05-01;2025;5;Service;Auftragseingang_TEUR;Forecast;;1558,1386078091489;1470,145604321899;1643,2319527598972;22,21;2024-12
2025-06-01;2025;6;Service;Auftragseingang_TEUR;Forecast;;1669,3561650604036;1579,3315751175635;1749,4079777947422;22,21;2024-12
2025-07-01;2025;7;Service;Auftragseingang_TEUR;Forecast;;1570,0374828156891;1484,8665773730327;1659,3971841517205;22,21;2024-12
2025-08-01;2025;8;Service;Auftragseingang_TEUR;Forecast;;1557,1195743284907;1475,0229561779581;1647,3772539002719;22,21;2024-12
2025-09-01;2025;9;Service;Auftragseingang_TEUR;Forecast;;1648,5053441410078;1559,6527429036905;1737,4204728207483;22,21;2024-12
2025-10-01;2025;10;Service;Auftragseingang_TEUR;Forecast;;1703,0509111465165;1615,6766788630746;1788,0541453552999;22,21;2024-12
2025-11-01;2025;11;Service;Auftragseingang_TEUR;Forecast;;1791,1376397391891;1702,0168818422808;1879,6564160331745;22,21;2024-12
2025-12-01;2025;12;Service;Auftragseingang_TEUR;Forecast;;2250,197669741856;2163,891448394314;2331,432307181199;22,21;2024-12
2022-01-01;2022;1;Service;Deckungsbeitrag_TEUR;Ist;718,6;663,3707723887704;617,6022810650957;713,7515743923514;18,69;2024-12
2022-02-01;2022;2;Service;Deckungsbeitrag_TEUR;Ist;723,1;690,6160262821934;638,5463565962705;738,5088463307641;18,69;2024-12
2022-03-01;2022;3;Service;Deckungsbeitrag_TEUR;Ist;776,0;763,9847765972758;713,4706190381833;810,6893884647078;18,69;2024-12
2022-04-01;2022;4;Service;Deckungsbeitrag_TEUR;Ist;719,3;761,6289278323898;713,0622617172407;811,5851907950556;18,69;2024-12
2022-05-01;2022;5;Service;Deckungsbeitrag_TEUR;Ist;744,3;762,0787687192502;714,1566445652173;811,2818864620075;18,69;2024-12
2022-06-01;2022;6;Service;Deckungsbeitrag_TEUR;Ist;892,1;858,7283632435901;807,7030925951691;909,9206314829995;18,69;2024-12
2022-07-01;2022;7;Service;Deckungsbeitrag_TEUR;Ist;679,6;714,7565499547226;668,3786743573764;764,3438467451638;18,69;2024-12
2022-08-01;2022;8;Service;Deckungsbeitrag_TEUR;Ist;626,6;722,1033340322822;672,9613007524816;774,6108120940378;18,69;2024-12
2022-09-01;2022;9;Service;Deckungsbeitrag_TEUR;Ist;703,5;771,3047243738948;724,0851588666782;823,0265661640241;18,69;2024-12
2022-10-01;2022;10;Service;Deckungsbeitrag_TEUR;Ist;889,6;865,9468593054597;816,606532538363;916,9117049809857;18,69;2024-12
2022-11-01;2022;11;Service;Deckungsbeitrag_TEUR;Ist;904,1;844,9405644778406;798,931870052869;894,7526823647767;18,69;2024-12
2022-12-01;2022;12;Service;Deckungsbeitrag_TEUR;Ist;1070,7;1072,694892006955;1021,592700515893;1125,6992181360495;18,69;2024-12
2023-01-01;2023;1;Service;Deckungsbeitrag_TEUR;Ist;715,0;745,4514151316278;695,5585873838814;794,8929906110081;18,69;2024-12
2023-02-01;2023;2;Service;Deckungsbeitrag_TEUR;Ist;715,1;741,5765992687552;694,626644018688;791,3210043305505;18,69;2024-12
2023-03-01;2023;3;Service;Deckungsbeitrag_TEUR;Ist;790,8;790,8070099970992;743,2550403785514;843,5317819252683;18,69;2024-12
2023-04-01;2023;4;Service;Deckungsbeitrag_TEUR;Ist;853,5;803,0418850786845;754,5007789830144;853,756921925257;18,69;2024-12
2023-05-01;2023;5;Service;Deckungsbeitrag_TEUR;Ist;850,5;806,2277432882039;758,3514347182867;856,4421738748557;18,69;2024-12
2023-06-01;2023;6;Service;Deckungsbeitrag_TEUR;Ist;971,1;957,5085521902341;906,8271208734171;1007,843380624522;18,69;2024-12
2023-07-01;2023;7;Service;Deckungsbeitrag_TEUR;Ist;815,3;765,6431237643094;717,8142653444255;812,1393826486542;18,69;2024-12
2023-08-01;2023;8;Service;Deckungsbeitrag_TEUR;Ist;832,7;759,7421393137587;707,8188692999776;809,58622469038;18,69;2024-12
2023-09-01;2023;9;Service;Deckungsbeitrag_TEUR;Ist;824,9;785,6337135708369;737,3540308826363;832,1522575890165;18,69;2024-12
2023-10-01;2023;10;Service;Deckungsbeitrag_TEUR;Ist;917,5;950,0922883802712;897,8534106668276;1001,7379162900152;18,69;2024-12
2023-11-01;2023;11;Service;Deckungsbeitrag_TEUR;Ist;825,2;889,5622317899201;839,7865626609802;939,4885233269474;18,69;2024-12
2023-12-01;2023;12;Service;Deckungsbeitrag_TEUR;Ist;1103,0;1131,2772332555319;1082,9523423828844;1180,9309729233298;18,69;2024-12
2024-01-01;2024;1;Service;Deckungsbeitrag_TEUR;Ist;812,3;832,4313659331855;784,8818715145032;881,3358969452095;18,69;2024-12
2024-02-01;2024;2;Service;Deckungsbeitrag_TEUR;Ist;788,3;792,2162126305719;742,0404716568728;842,8288069992146;18,69;2024-12
2024-03-01;2024;3;Service;Deckungsbeitrag_TEUR;Ist;909,6;920,5257972180236;869,6740941230831;966,085953257091;18,69;2024-12
2024-04-01;2024;4;Service;Deckungsbeitrag_TEUR;Ist;876,8;887,2790997653365;837,2168055910014;935,2576025973385;18,69;2024-12
2024-05-01;2024;5;Service;Deckungsbeitrag_TEUR;Ist;856,4;882,4078771812734;831,2042216440865;931,820246444767;18,69;2024-12
2024-06-01;2024;6;Service;Deckungsbeitrag_TEUR;Ist;843,9;886,1602453520935;837,0960854956751;933,6762865178702;18,69;2024-12
2024-07-01;2024;7;Service;Deckungsbeitrag_TEUR;Ist;784,7;800,0838945431574;752,757689247643;849,8447019465927;18,69;2024-12
2024-08-01;2024;8;Service;Deckungsbeitrag_TEUR;Ist;852,9;836,8986212396438;785,0198987647158;885,218677167036;18,69;2024-12
2024-09-01;2024;9;Service;Deckungsbeitrag_TEUR;Ist;974,4;951,1213241970532;901,7065865433515;1003,7171940259466;18,69;2024-12
2024-10-01;2024;10;Service;Deckungsbeitrag_TEUR;Ist;932,1;922,0961824068386;875,911444438084;972,0961486945887;18,69;2024-12
2024-11-01;2024;11;Service;Deckungsbeitrag_TEUR;Ist;984,8;976,3899903678046;925,5177787959079;1026,7365895415905;18,69;2024-12
2024-12-01;2024;12;Service;Deckungsbeitrag_TEUR;Ist;1264,2;1236,0533150200465;1189,2618224354978;1285,1856550434188;18,69;2024-12
2025-01-01;2025;1;Service;Deckungsbeitrag_TEUR;Forecast;;759,1423797028215;707,3462637631086;810,3798757488386;18,69;2024-12
2025-02-01;2025;2;Service;Deckungsbeitrag_TEUR;Forecast;;827,0350133815377;782,3236281649658;877,9449868624357;18,69;2024-12
2025-03-01;2025;3;Service;Deckungsbeitrag_TEUR;Forecast;;947,8711022446312;898,9158527642822;998,996211002401;18,69;2024-12
2025-04-01;2025;4;Service;Deckungsbeitrag_TEUR;Forecast;;927,8990751577684;879,3364015472465;973,9908785884163;18,69;2024-12
2025-05-01;2025;5;Service;Deckungsbeitrag_TEUR;Forecast;;924,76107080681;875,3263585380691;971,9517619122697;18,69;2024-12
2025-06-01;2025;6;Service;Deckungsbeitrag_TEUR;Forecast;;984,5853386205481;937,558553824553;1034,2428732471956;18,69;2024-12
2025-07-01;2025;7;Service;Deckungsbeitrag_TEUR;Forecast;;852,650923241216;807,1615197055037;902,5190224699727;18,69;2024-12
2025-08-01;2025;8;Service;Deckungsbeitrag_TEUR;Forecast;;875,9651561626467;830,9908113577627;927,2853429554934;18,69;2024-12
2025-09-01;2025;9;Service;Deckungsbeitrag_TEUR;Forecast;;964,7669963419517;916,0751009428128;1016,4389417051075;18,69;2024-12
2025-10-01;2025;10;Service;Deckungsbeitrag_TEUR;Forecast;;1005,4319809860773;955,6475548535293;1052,3765057961064;18,69;2024-12
2025-11-01;2025;11;Service;Deckungsbeitrag_TEUR;Forecast;;1021,292987096474;974,5730820149589;1069,4534983474468;18,69;2024-12
2025-12-01;2025;12;Service;Deckungsbeitrag_TEUR;Forecast;;1293,6224800589514;1245,9268850871538;1340,939149486019;18,69;2024-12
2022-01-01;2022;1;Service;Umsatz_TEUR;Ist;1272,6;1188,1275940890212;1113,6779485368352;1258,3889965459027;14,38;2024-12
2022-02-01;2022;2;Service;Umsatz_TEUR;Ist;1196,0;1155,7449455927363;1086,856661665498;1227,9882011704854;14,38;2024-12
2022-03-01;2022;3;Service;Umsatz_TEUR;Ist;1369,6;1294,9557244372527;1225,4027537896523;1364,2520664606689;14,38;2024-12
2022-04-01;2022;4;Service;Umsatz_TEUR;Ist;1241,7;1313,4191252839557;1236,0174876268995;1378,6352161419165;14,38;2024-12
2022-05-01;2022;5;Service;Umsatz_TEUR;Ist;1297,9;1269,8752686169582;1196,3565514106829;1347,2697246817033;14,38;2024-12
2022-06-01;2022;6;Service;Umsatz_TEUR;Ist;1420,3;1433,3098589004828;1354,02026537682;1504,5596115807848;14,38;2024-12
2022-07-01;2022;7;Service;Umsatz_TEUR;Ist;1189,5;1239,609188227789;1168,084924596912;1314,7121662066554;14,38;2024-12
2022-08-01;2022;8;Service;Umsatz_TEUR;Ist;1057,6;1196,9423153886237;1127,700509032947;1269,1680820013962;14,38;2024-12
2022-09-01;2022;9;Service;Umsatz_TEUR;Ist;1281,5;1289,8645079323007;1221,3894894029283;1365,31036430677;14,38;2024-12
2022-10-01;2022;10;Service;Umsatz_TEUR;Ist;1502,7;1468,5588337907318;1397,9965874105858;1540,8634400982742;14,38;2024-12
2022-11-01;2022;11;Service;Umsatz_TEUR;Ist;1572,1;1517,4511815930011;1446,8124476575235;1583,183734861041;14,38;2024-12
2022-12-01;2022;12;Service;Umsatz_TEUR;Ist;1790,1;1879,8643917896695;1806,1119417241025;1953,5035673746545;14,38;2024-12
2023-01-01;2023;1;Service;Umsatz_TEUR;Ist;1250,1;1299,1122259207157;1225,50915990671;1369,8605345713156;14,38;2024-12
2023-02-01;2023;2;Service;Umsatz_TEUR;Ist;1227,4;1256,6105556639418;1186,6281990831785;1324,6024376830444;14,38;2024-12
2023-03-01;2023;3;Service;Umsatz_TEUR;Ist;1324,1;1356,7232167792536;1282,6131919331333;1427,2051544263527;14,38;2024-12
2023-04-01;2023;4;Service;Umsatz_TEUR;Ist;1472,2;1385,1701858372526;1316,2683485478221;1462,98009676595;14,38;2024-12
2023-05-01;2023;5;Service;Umsatz_TEUR;Ist;1512,5;1474,107653747664;1398,8702961551094;1543,6045201922766;14,38;2024-12
2023-06-01;2023;6;Service;Umsatz_TEUR;Ist;1661,9;1595,4393943108103;1529,812438425835;1665,0620655173755;14,38;2024-12
2023-07-01;2023;7;Service;Umsatz_TEUR;Ist;1382,7;1304,5691901886257;1234,9696871291076;1377,0275452275043;14,38;2024-12
2023-08-01;2023;8;Service;Umsatz_TEUR;Ist;1357,0;1245,8502979322138;1173,814523578386;1320,6587868187573;14,38;2024-12
2023-09-01;2023;9;Service;Umsatz_TEUR;Ist;1382,5;1380,7568753845214;1305,9990925232703;1456,4474061391234;14,38;2024-12
2023-10-01;2023;10;Service;Umsatz_TEUR;Ist;1597,8;1646,31275512964;1574,7559349645558;1716,075355841274;14,38;2024-12
2023-11-01;2023;11;Service;Umsatz_TEUR;Ist;1425,6;1502,542873338405;1427,9561078652484;1572,527030518477;14,38;2024-12
2023-12-01;2023;12;Service;Umsatz_TEUR;Ist;1951,3;1940,489608715712;1864,742095735983;2012,9895150269335;14,38;2024-12
2024-01-01;2024;1;Service;Umsatz_TEUR;Ist;1412,2;1442,7869627991406;1369,8712037995483;1518,7220552839392;14,38;2024-12
2024-02-01;2024;2;Service;Umsatz_TEUR;Ist;1350,4;1359,8679634102778;1289,2220586529395;1430,8584086957048;14,38;2024-12
2024-03-01;2024;3;Service;Umsatz_TEUR;Ist;1546,2;1583,7211657358982;1513,5666445972413;1654,3967789218802;14,38;2024-12
2024-04-01;2024;4;Service;Umsatz_TEUR;Ist;1505,3;1523,73412217564;1451,040717504719;1589,846392935617;14,38;2024-12
2024-05-01;2024;5;Service;Umsatz_TEUR;Ist;1410,3;1472,748941060353;1397,3340099697423;1542,7165261650755;14,38;2024-12
2024-06-01;2024;6;Service;Umsatz_TEUR;Ist;1420,1;1471,48255978127;1396,8246866862762;1548,3583747077905;14,38;2024-12
2024-07-01;2024;7;Service;Umsatz_TEUR;Ist;1362,8;1390,9969569352274;1319,12049971339;1468,6873741233574;14,38;2024-12
2024-08-01;2024;8;Service;Umsatz_TEUR;Ist;1466,8;1445,2263884926112;1371,029075817067;1524,650061902285;14,38;2024-12
2024-09-01;2024;9;Service;Umsatz_TEUR;Ist;1630,5;1624,0226074138425;1553,3874385388078;1696,498303163592;14,38;2024-12
2024-10-01;2024;10;Service;Umsatz_TEUR;Ist;1557,1;1541,4685052950465;1464,6388032402328;1614,8063330466164;14,38;2024-12
2024-11-01;2024;11;Service;Umsatz_TEUR;Ist;1810,7;1786,4585637790424;1719,005814453286;1857,8737787337188;14,38;2024-12
2024-12-01;2024;12;Service;Umsatz_TEUR;Ist;2100,6;2029,171542278602;1959,6069062392849;2101,1426530620643;14,38;2024-12
2025-01-01;2025;1;Service;Umsatz_TEUR;Forecast;;1489,7599620760307;1414,1515400722908;1567,4930822076856;14,38;2024-12
2025-02-01;2025;2;Service;Umsatz_TEUR;Forecast;;1372,012430462385;1302,2957215868473;1441,673396866865;14,38;2024-12
2025-03-01;2025;3;Service;Umsatz_TEUR;Forecast;;1636,9619241194328;1567,074758651951;1710,0781377183973;14,38;2024-12
2025-04-01;2025;4;Service;Umsatz_TEUR;Forecast;;1611,4192077348598;1537,5285699433348;1678,1302355186517;14,38;2024-12
2025-05-01;2025;5;Service;Umsatz_TEUR;Forecast;;1583,6765882888747;1510,6689166808362;1651,5861304847233;14,38;2024-12
2025-06-01;2025;6;Service;Umsatz_TEUR;Forecast;;1652,6319362022564;1584,5381731460786;1730,363142174047;14,38;2024-12
2025-07-01;2025;7;Service;Umsatz_TEUR;Forecast;;1496,5017187753263;1428,6734777430977;1570,2980415462403;14,38;2024-12
2025-08-01;2025;8;Service;Umsatz_TEUR;Forecast;;1499,2300692329306;1432,5869904710055;1572,8174911275407;14,38;2024-12
2025-09-01;2025;9;Service;Umsatz_TEUR;Forecast;;1651,6719414426714;1576,5173969009275;1721,243870163991;14,38;2024-12
2025-10-01;2025;10;Service;Umsatz_TEUR;Forecast;;1702,8155151526005;1628,3786804616443;1775,280990334113;14,38;2024-12
2025-11-01;2025;11;Service;Umsatz_TEUR;Forecast;;1842,2423488823176;1770,0481189989337;1915,1483135740048;14,38;2024-12
2025-12-01;2025;12;Service;Umsatz_TEUR;Forecast;;2173,6557908441537;2103,2901427107454;2246,58716317877;14,38;2024-12
2022-01-01;2022;1;Sonderanlagen;Auftragseingang_TEUR;Ist;2187,7;2192,714536003451;2079,496245251559;2310,785867031059;27,64;2024-12
2022-02-01;2022;2;Sonderanlagen;Auftragseingang_TEUR;Ist;2554,8;2502,7059401969564;2386,533311960794;2613,499517264208;27,64;2024-12
2022-03-01;2022;3;Sonderanlagen;Auftragseingang_TEUR;Ist;2523,2;2613,8348728745664;2492,3694834422035;2730,6823663444075;27,64;2024-12
2022-04-01;2022;4;Sonderanlagen;Auftragseingang_TEUR;Ist;3046,8;3004,584993513945;2891,414263359201;3114,4225664142023;27,64;2024-12
2022-05-01;2022;5;Sonderanlagen;Auftragseingang_TEUR;Ist;2777,5;2790,234647117533;2675,02112044876;2906,331227720506;27,64;2024-12
2022-06-01;2022;6;Sonderanlagen;Auftragseingang_TEUR;Ist;2956,2;3146,9110147939555;3035,8360563983547;3268,2238172244065;27,64;2024-12
2022-07-01;2022;7;Sonderanlagen;Auftragseingang_TEUR;Ist;2053,1;1894,0521822955939;1779,9821489411868;2008,9135280121095;27,64;2024-12
2022-08-01;2022;8;Sonderanlagen;Auftragseingang_TEUR;Ist;2307,1;2193,8929392449527;2079,191322693711;2306,925157848135;27,64;2024-12
2022-09-01;2022;9;Sonderanlagen;Auftragseingang_TEUR;Ist;2631,6;2755,5630373143586;2635,6385908277666;2874,160396545061;27,64;2024-12
2022-10-01;2022;10;Sonderanlagen;Auftragseingang_TEUR;Ist;3112,2;3014,5718014417434;2894,4568698533926;3130,0753751689176;27,64;2024-12
2022-11-01;2022;11;Sonderanlagen;Auftragseingang_TEUR;Ist;3795,7;3782,4206729553325;3666,1452890596356;3908,3877327385517;27,64;2024-12
2022-12-01;2022;12;Sonderanlagen;Auftragseingang_TEUR;Ist;4552,4;4336,819266580994;4214,763624898284;4454,963143250897;27,64;2024-12
2023-01-01;2023;1;Sonderanlagen;Auftragseingang_TEUR;Ist;2275,4;2344,5982678136816;2233,8770354715875;2459,0933928601157;27,64;2024-12
2023-02-01;2023;2;Sonderanlagen;Auftragseingang_TEUR;Ist;2339,1;2502,818206336098;2390,5248671882914;2623,7088165526657;27,64;2024-12
2023-03-01;2023;3;Sonderanlagen;Auftragseingang_TEUR;Ist;2896,6;2835,73128103504;2722,9484394908454;2952,228881264615;27,64;2024-12
2023-04-01;2023;4;Sonderanlagen;Auftragseingang_TEUR;Ist;3346,2;3390,489864981331;3262,285838020047;3500,7763719913496;27,64;2024-12
2023-05-01;2023;5;Sonderanlagen;Auftragseingang_TEUR;Ist;2832,7;2862,115794681536;2743,9635981875094;2977,90902484536;27,64;2024-12
2023-06-01;2023;6;Sonderanlagen;Auftragseingang_TEUR;Ist;3459,6;3391,987469858563;3275,2314586048415;3508,89144905874;27,64;2024-12
2023-07-01;2023;7;Sonderanlagen;Auftragseingang_TEUR;Ist;1849,9;2007,3465103154042;1892,4519853124923;2130,6098017908134;27,64;2024-12
2023-08-01;2023;8;Sonderanlagen;Auftragseingang_TEUR;Ist;2147,4;2265,8339478982098;2154,479494725419;2378,1235953194805;27,64;2024-12
2023-09-01;2023;9;Sonderanlagen;Auftragseingang_TEUR;Ist;2843,3;2799,6359855701444;2684,4823563046275;2917,1953123382646;27,64;2024-12
2023-10-01;2023;10;Sonderanlagen;Auftragseingang_TEUR;Ist;3112,1;3190,8978613307977;3074,203330022676;3309,5516337679396;27,64;2024-12
2023-11-01;2023;11;Sonderanlagen;Auftragseingang_TEUR;Ist;4177,7;4182,847490372173;4064,990657412053;4295,829709012749;27,64;2024-12
2023-12-01;2023;12;Sonderanlagen;Auftragseingang_TEUR;Ist;4530,3;4646,999858397273;4536,811298549022;4767,928080767182;27,64;2024-12
2024-01-01;2024;1;Sonderanlagen;Auftragseingang_TEUR;Ist;2552,0;2482,4986733470246;2364,098218587406;2595,079727270505;27,64;2024-12
2024-02-01;2024;2;Sonderanlagen;Auftragseingang_TEUR;Ist;2599,3;2491,654992984269;2373,085747436352;2600,462575853361;27,64;2024-12
2024-03-01;2024;3;Sonderanlagen;Auftragseingang_TEUR;Ist;2987,7;2964,7592882286367;2846,98827939663;3070,0928715395853;27,64;2024-12
2024-04-01;2024;4;Sonderanlagen;Auftragseingang_TEUR;Ist;3090,0;3084,730655433763;2965,679370679422;3198,7923542551202;27,64;2024-12
2024-05-01;2024;5;Sonderanlagen;Auftragseingang_TEUR;Ist;3507,2;3468,5875503243365;3354,53023762159;3593,7935417522817;27,64;2024-12
2024-06-01;2024;6;Sonderanlagen;Auftragseingang_TEUR;Ist;3643,7;3540,650370187051;3427,071800589273;3662,963254865215;27,64;2024-12
2024-07-01;2024;7;Sonderanlagen;Auftragseingang_TEUR;Ist;2197,2;2190,780762288217;2075,4328480958197;2315,349970881243;27,64;2024-12
2024-08-01;2024;8;Sonderanlagen;Auftragseingang_TEUR;Ist;2666,8;2656,8291529896615;2546,046926060554;2780,282992146575;27,64;2024-12
2024-09-01;2024;9;Sonderanlagen;Auftragseingang_TEUR;Ist;3538,6;3471,882548756296;3357,505611486034;3586,8787594592873;27,64;2024-12
2024-10-01;2024;10;Sonderanlagen;Auftragseingang_TEUR;Ist;3535,2;3547,477941561418;3427,9935324339854;3657,2064958165315;27,64;2024-12
2024-11-01;2024;11;Sonderanlagen;Auftragseingang_TEUR;Ist;4062,1;4068,6929959696545;3954,218595075108;4184,343323373462;27,64;2024-12
2024-12-01;2024;12;Sonderanlagen;Auftragseingang_TEUR;Ist;4933,1;5010,653776650072;4889,474696479335;5121,848059542342;27,64;2024-12
2025-01-01;2025;1;Sonderanlagen;Auftragseingang_TEUR;Forecast;;2813,7586734900524;2699,28561478598;2924,438588889378;27,64;2024-12
2025-02-01;2025;2;Sonderanlagen;Auftragseingang_TEUR;Forecast;;3414,30443123079;3297,775650805676;3540,865735330529;27,64;2024-12
2025-03-01;2025;3;Sonderanlagen;Auftragseingang_TEUR;Forecast;;3300,4169583407934;3183,5746288153327;3413,8430164507386;27,64;2024-12
2025-04-01;2025;4;Sonderanlagen;Auftragseingang_TEUR;Forecast;;3619,8369406590396;3506,90299653469;3741,84854425778;27,64;2024-12
2025-05-01;2025;5;Sonderanlagen;Auftragseingang_TEUR;Forecast;;3695,38991262173;3574,135715142933;3810,277731347713;27,64;2024-12
2025-06-01;2025;6;Sonderanlagen;Auftragseingang_TEUR;Forecast;;3962,6787719838235;3848,1986264308957;4073,5359216945285;27,64;2024-12
2025-07-01;2025;7;Sonderanlagen;Auftragseingang_TEUR;Forecast;;2419,0248907666087;2299,0485044567454;2530,3426361025795;27,64;2024-12
2025-08-01;2025;8;Sonderanlagen;Auftragseingang_TEUR;Forecast;;2867,6950253838127;2743,883293170027;2987,6345550561136;27,64;2024-12
2025-09-01;2025;9;Sonderanlagen;Auftragseingang_TEUR;Forecast;;3674,3671941218763;3558,552588828489;3792,6220180114315;27,64;2024-12
2025-10-01;2025;10;Sonderanlagen;Auftragseingang_TEUR;Forecast;;3880,6117614308723;3765,4767734334496;4004,6502751399175;27,64;2024-12
2025-11-01;2025;11;Sonderanlagen;Auftragseingang_TEUR;Forecast;;4662,883848764899;4541,788902217404;4792,904649129247;27,64;2024-12
2025-12-01;2025;12;Sonderanlagen;Auftragseingang_TEUR;Forecast;;5539,7026485873;5416,0307831130185;5665,4517560488985;27,64;2024-12
2022-01-01;2022;1;Sonderanlagen;Deckungsbeitrag_TEUR;Ist;666,9;607,9580509251216;531,878625514248;686,1643560324871;27,24;2024-12
2022-02-01;2022;2;Sonderanlagen;Deckungsbeitrag_TEUR;Ist;696,1;689,3101093840057;620,0760563927996;767,7184502118376;27,24;2024-12
2022-03-01;2022;3;Sonderanlagen;Deckungsbeitrag_TEUR;Ist;905,6;908,2058733010517;830,8336125990625;977,7654951411498;27,24;2024-12
2022-04-01;2022;4;Sonderanlagen;Deckungsbeitrag_TEUR;Ist;803,2;768,8557113603836;695,7438960648425;845,7022371970436;27,24;2024-12
2022-05-01;2022;5;Sonderanlagen;Deckungsbeitrag_TEUR;Ist;787,3;860,142134303437;781,2994328749097;934,1681951580931;27,24;2024-12
2022-06-01;2022;6;Sonderanlagen;Deckungsbeitrag_TEUR;Ist;868,7;923,1313580522403;851,7091059587402;1004,663863101433;27,24;2024-12
2022-07-01;2022;7;Sonderanlagen;Deckungsbeitrag_TEUR;Ist;622,0;625,7171449433174;546,6934491792284;698,6918171276518;27,24;2024-12
2022-08-01;2022;8;Sonderanlagen;Deckungsbeitrag_TEUR;Ist;674,5;680,8993121406504;601,5496831325441;753,4546307244389;27,24;2024-12
2022-09-01;2022;9;Sonderanlagen;Deckungsbeitrag_TEUR;Ist;838,5;915,799720026878;842,9219126655237;984,8786462645799;27,24;2024-12
2022-10-01;2022;10;Sonderanlagen;Deckungsbeitrag_TEUR;Ist;1031,1;932,1055770179174;858,5387364503157;1008,4445687736326;27,24;2024-12
2022-11-01;2022;11;Sonderanlagen;Deckungsbeitrag_TEUR;Ist;1276,8;1080,886634755956;1006,5136623858498;1157,9014323181543;27,24;2024-12
2022-12-01;2022;12;Sonderanlagen;Deckungsbeitrag_TEUR;Ist;1353,1;1336,1063585786396;1261,7639726600694;1406,558013924443;27,24;2024-12
2023-01-01;2023;1;Sonderanlagen;Deckungsbeitrag_TEUR;Ist;621,0;709,1620104110488;634,5189666632192;782,4985224289037;27,24;2024-12
2023-02-01;2023;2;Sonderanlagen;Deckungsbeitrag_TEUR;Ist;715,4;729,764550450558;651,1096976871377;804,6468485865563;27,24;2024-12
2023-03-01;2023;3;Sonderanlagen;Deckungsbeitrag_TEUR;Ist;954,1;950,5176092133556;872,0820584523262;1024,047606964898;27,24;2024-12
2023-04-01;2023;4;Sonderanlagen;Deckungsbeitrag_TEUR;Ist;739,0;763,4933036351836;686,5114844460351;840,3767391017562;27,24;2024-12
2023-05-01;2023;5;Sonderanlagen;Deckungsbeitrag_TEUR;Ist;950,9;917,5334663642778;841,1732299141379;993,736681647616;27,24;2024-12
2023-06-01;2023;6;Sonderanlagen;Deckungsbeitrag_TEUR;Ist;966,4;957,0177725052005;881,6859305381132;1034,421893720291;27,24;2024-12
2023-07-01;2023;7;Sonderanlagen;Deckungsbeitrag_TEUR;Ist;663,6;697,0205861385796;629,0666346667313;768,5363588830088;27,24;2024-12
2023-08-01;2023;8;Sonderanlagen;Deckungsbeitrag_TEUR;Ist;728,7;765,1138785687406;686,1431276471477;839,3221049012994;27,24;2024-12
2023-09-01;2023;9;Sonderanlagen;Deckungsbeitrag_TEUR;Ist;954,9;949,8824845380221;874,2655236947008;1023,9801976541803;27,24;2024-12
2023-10-01;2023;10;Sonderanlagen;Deckungsbeitrag_TEUR;Ist;835,5;938,9595455524147;865,1315964825083;1015,7351561545119;27,24;2024-12
2023-11-01;2023;11;Sonderanlagen;Deckungsbeitrag_TEUR;Ist;942,8;1096,3134492672848;1026,5862699530003;1171,8271944937696;27,24;2024-12
2023-12-01;2023;12;Sonderanlagen;Deckungsbeitrag_TEUR;Ist;1394,8;1422,6465727718812;1348,8953731538645;1497,7897565096614;27,24;2024-12
2024-01-01;2024;1;Sonderanlagen;Deckungsbeitrag_TEUR;Ist;848,7;817,7373046947141;747,1645284003806;893,1183994209765;27,24;2024-12
2024-02-01;2024;2;Sonderanlagen;Deckungsbeitrag_TEUR;Ist;776,8;769,3671335444956;695,5298627580477;845,7843948384589;27,24;2024-12
2024-03-01;2024;3;Sonderanlagen;Deckungsbeitrag_TEUR;Ist;1022,3;1023,0977916595622;951,0645678097652;1101,273888823532;27,24;2024-12
2024-04-01;2024;4;Sonderanlagen;Deckungsbeitrag_TEUR;Ist;947,9;955,0508811619276;880,9381302914752;1031,998561084945;27,24;2024-12
2024-05-01;2024;5;Sonderanlagen;Deckungsbeitrag_TEUR;Ist;970,6;936,1029514689175;856,7759260375864;1006,6934748976386;27,24;2024-12
2024-06-01;2024;6;Sonderanlagen;Deckungsbeitrag_TEUR;Ist;1102,9;1061,9721244769664;981,0567628249851;1133,768111563023;27,24;2024-12
2024-07-01;2024;7;Sonderanlagen;Deckungsbeitrag_TEUR;Ist;653,9;618,5036753495348;540,8483378119419;693,1128176879664;27,24;2024-12
2024-08-01;2024;8;Sonderanlagen;Deckungsbeitrag_TEUR;Ist;693,3;652,6334097274005;579,6791840247712;724,9252679675968;27,24;2024-12
2024-09-01;2024;9;Sonderanlagen;Deckungsbeitrag_TEUR;Ist;1107,4;1041,9177063694178;970,0700924548033;1116,7999097093593;27,24;2024-12
2024-10-01;2024;10;Sonderanlagen;Deckungsbeitrag_TEUR;Ist;1131,3;1122,2184344176592;1049,6190772626728;1197,6715465973903;27,24;2024-12
2024-11-01;2024;11;Sonderanlagen;Deckungsbeitrag_TEUR;Ist;1259,0;1289,7496774139524;1210,6584194816494;1369,9709168926424;27,24;2024-12
2024-12-01;2024;12;Sonderanlagen;Deckungsbeitrag_TEUR;Ist;1463,5;1452,27260695301;1374,4738125385536;1531,5458100912522;27,24;2024-12
2025-01-01;2025;1;Sonderanlagen;Deckungsbeitrag_TEUR;Forecast;;636,4347785254954;563,2470837772513;706,5907801955713;27,24;2024-12
2025-02-01;2025;2;Sonderanlagen;Deckungsbeitrag_TEUR;Forecast;;801,5816138273141;723,3852365927389;876,7500300861756;27,24;2024-12
2025-03-01;2025;3;Sonderanlagen;Deckungsbeitrag_TEUR;Forecast;;1067,891659583886;986,2579789164097;1143,9224828463323;27,24;2024-12
2025-04-01;2025;4;Sonderanlagen;Deckungsbeitrag_TEUR;Forecast;;949,8419003741417;872,6132402231442;1027,4956498181875;27,24;2024-12
2025-05-01;2025;5;Sonderanlagen;Deckungsbeitrag_TEUR;Forecast;;992,360605052222;920,753188983834;1059,99879509257;27,24;2024-12
2025-06-01;2025;6;Sonderanlagen;Deckungsbeitrag_TEUR;Forecast;;1094,6854050811587;1015,5144828406862;1172,8581854096499;27,24;2024-12
2025-07-01;2025;7;Sonderanlagen;Deckungsbeitrag_TEUR;Forecast;;688,3425248162335;611,8680563707883;766,144643029297;27,24;2024-12
2025-08-01;2025;8;Sonderanlagen;Deckungsbeitrag_TEUR;Forecast;;739,0382423730358;666,1128670376736;807,8053066191136;27,24;2024-12
2025-09-01;2025;9;Sonderanlagen;Deckungsbeitrag_TEUR;Forecast;;1079,9849259480043;1001,9989824833592;1157,1769412304182;27,24;2024-12
2025-10-01;2025;10;Sonderanlagen;Deckungsbeitrag_TEUR;Forecast;;1130,482047408469;1058,3427647055835;1202,2867125927535;27,24;2024-12
2025-11-01;2025;11;Sonderanlagen;Deckungsbeitrag_TEUR;Forecast;;1303,4294544902145;1226,716349350293;1378,6245879969083;27,24;2024-12
2025-12-01;2025;12;Sonderanlagen;Deckungsbeitrag_TEUR;Forecast;;1535,9314189109589;1457,46683012753;1611,405809580402;27,24;2024-12
2022-01-01;2022;1;Sonderanlagen;Umsatz_TEUR;Ist;1786,9;1778,6379935330342;1711,0500199296926;1842,493015034016;11,82;2024-12
2022-02-01;2022;2;Sonderanlagen;Umsatz_TEUR;Ist;1898,1;1880,6284252328505;1813,7857136362297;1945,3441605822197;11,82;2024-12
2022-03-01;2022;3;Sonderanlagen;Umsatz_TEUR;Ist;2166,8;2190,790364184854;2126,2409334004205;2261,385369544191;11,82;2024-12
2022-04-01;2022;4;Sonderanlagen;Umsatz_TEUR;Ist;2459,5;2354,2882925540725;2286,534724502621;2423,7058233486273;11,82;2024-12
2022-05-01;2022;5;Sonderanlagen;Umsatz_TEUR;Ist;2352,2;2371,8226754886296;2303,638365848979;2440,2094047223904;11,82;2024-12
2022-06-01;2022;6;Sonderanlagen;Umsatz_TEUR;Ist;2412,6;2484,8319137334893;2417,7176268806734;2557,6846706083247;11,82;2024-12
2022-07-01;2022;7;Sonderanlagen;Umsatz_TEUR;Ist;1615,2;1576,759638242011;1507,0768296596175;1649,0525564859272;11,82;2024-12
2022-08-01;2022;8;Sonderanlagen;Umsatz_TEUR;Ist;1788,1;1765,2049192642978;1693,9158707288464;1836,1679900046197;11,82;2024-12
2022-09-01;2022;9;Sonderanlagen;Umsatz_TEUR;Ist;2198,0;2319,4052884452544;2246,2900171363;2383,203446069434;11,82;2024-12
2022-10-01;2022;10;Sonderanlagen;Umsatz_TEUR;Ist;2532,0;2564,3077335195553;2492,430356453138;2633,571860773924;11,82;2024-12
2022-11-01;2022;11;Sonderanlagen;Umsatz_TEUR;Ist;3031,9;2909,1195514969218;2846,425908720657;2977,0013223832457;11,82;2024-12
2022-12-01;2022;12;Sonderanlagen;Umsatz_TEUR;Ist;3468,1;3400,9521974623867;3333,446203537938;3467,5852779446013;11,82;2024-12
2023-01-01;2023;1;Sonderanlagen;Umsatz_TEUR;Ist;1834,5;1892,2938120083013;1823,8418022282517;1954,831391018223;11,82;2024-12
2023-02-01;2023;2;Sonderanlagen;Umsatz_TEUR;Ist;1848,9;1939,7731789861252;1874,3206310371486;2003,7313013298212;11,82;2024-12
2023-03-01;2023;3;Sonderanlagen;Umsatz_TEUR;Ist;2306,8;2276,2960771468943;2210,6413818440997;2346,3147564024107;11,82;2024-12
2023-04-01;2023;4;Sonderanlagen;Umsatz_TEUR;Ist;2447,3;2508,9809187504184;2441,037221416107;2576,6517778368557;11,82;2024-12
2023-05-01;2023;5;Sonderanlagen;Umsatz_TEUR;Ist;2445,1;2437,7355663514663;2371,5635978379823;2506,214845158808;11,82;2024-12
2023-06-01;2023;6;Sonderanlagen;Umsatz_TEUR;Ist;2610,3;2580,782123738814;2511,946785534909;2649,675628363301;11,82;2024-12
2023-07-01;2023;7;Sonderanlagen;Umsatz_TEUR;Ist;1657,9;1706,8783596546577;1635,7665267581797;1776,8014184193485;11,82;2024-12
2023-08-01;2023;8;Sonderanlagen;Umsatz_TEUR;Ist;1764,6;1804,2288584157457;1739,155118223543;1869,371788941577;11,82;2024-12
2023-09-01;2023;9;Sonderanlagen;Umsatz_TEUR;Ist;2493,8;2439,7415276837405;2374,6897763187803;2509,490910678402;11,82;2024-12
2023-10-01;2023;10;Sonderanlagen;Umsatz_TEUR;Ist;2661,0;2658,367675551562;2591,5750177809914;2729,386859025164;11,82;2024-12
2023-11-01;2023;11;Sonderanlagen;Umsatz_TEUR;Ist;2918,2;3003,407706667054;2935,9015595190535;3074,5169432364614;11,82;2024-12
2023-12-01;2023;12;Sonderanlagen;Umsatz_TEUR;Ist;3563,4;3601,0325344361268;3530,696216109936;3665,066562909793;11,82;2024-12
2024-01-01;2024;1;Sonderanlagen;Umsatz_TEUR;Ist;2067,0;2019,5736033805726;1951,1085749916924;2090,3702631985775;11,82;2024-12
2024-02-01;2024;2;Sonderanlagen;Umsatz_TEUR;Ist;2119,3;2049,3108063362815;1984,4380828284097;2117,704128333758;11,82;2024-12
2024-03-01;2024;3;Sonderanlagen;Umsatz_TEUR;Ist;2419,0;2425,4808127823594;2357,6586216170817;2494,3934452370972;11,82;2024-12
2024-04-01;2024;4;Sonderanlagen;Umsatz_TEUR;Ist;2542,6;2578,7766462592617;2509,4652700574743;2646,8565163241046;11,82;2024-12
2024-05-01;2024;5;Sonderanlagen;Umsatz_TEUR;Ist;2784,2;2773,0316642602693;2700,5121762599774;2844,535596398171;11,82;2024-12
2024-06-01;2024;6;Sonderanlagen;Umsatz_TEUR;Ist;2914,9;2877,6767359188098;2809,030801166161;2946,470480637492;11,82;2024-12
2024-07-01;2024;7;Sonderanlagen;Umsatz_TEUR;Ist;1766,4;1755,0522001774407;1684,321609531841;1822,9876081923649;11,82;2024-12
2024-08-01;2024;8;Sonderanlagen;Umsatz_TEUR;Ist;2093,1;2076,8167732976344;2009,5577273570425;2145,847173266078;11,82;2024-12
2024-09-01;2024;9;Sonderanlagen;Umsatz_TEUR;Ist;2671,8;2614,954200147924;2547,052023049476;2684,955567890276;11,82;2024-12
2024-10-01;2024;10;Sonderanlagen;Umsatz_TEUR;Ist;3098,5;3072,8993672479874;3007,763647168507;3137,9860973494715;11,82;2024-12
2024-11-01;2024;11;Sonderanlagen;Umsatz_TEUR;Ist;3440,7;3469,998324210459;3404,24348309354;3541,3589081107825;11,82;2024-12
2024-12-01;2024;12;Sonderanlagen;Umsatz_TEUR;Ist;3936,1;3959,7817698971344;3887,456739689939;4026,747900189046;11,82;2024-12
2025-01-01;2025;1;Sonderanlagen;Umsatz_TEUR;Forecast;;2192,3922612413153;2119,8867901306576;2266,0330559802696;11,82;2024-12
2025-02-01;2025;2;Sonderanlagen;Umsatz_TEUR;Forecast;;2382,7008483279355;2315,5010532065235;2452,4066075306973;11,82;2024-12
2025-03-01;2025;3;Sonderanlagen;Umsatz_TEUR;Forecast;;2757,037859650898;2689,499415260335;2824,9481852227736;11,82;2024-12
2025-04-01;2025;4;Sonderanlagen;Umsatz_TEUR;Forecast;;2931,2476156248617;2862,4805214341145;3000,4313029099817;11,82;2024-12
2025-05-01;2025;5;Sonderanlagen;Umsatz_TEUR;Forecast;;3056,3639012666117;2987,6672330043193;3123,3762361032877;11,82;2024-12
2025-06-01;2025;6;Sonderanlagen;Umsatz_TEUR;Forecast;;3190,7523964216352;3121,212406151781;3261,4927774682037;11,82;2024-12
2025-07-01;2025;7;Sonderanlagen;Umsatz_TEUR;Forecast;;2010,3511705218925;1936,0397218757723;2081,8872161655886;11,82;2024-12
2025-08-01;2025;8;Sonderanlagen;Umsatz_TEUR;Forecast;;2287,2183244075954;2220,8658238917387;2357,512827506764;11,82;2024-12
2025-09-01;2025;9;Sonderanlagen;Umsatz_TEUR;Forecast;;2948,015047367332;2878,0305208555383;3018,7338559249583;11,82;2024-12
2025-10-01;2025;10;Sonderanlagen;Umsatz_TEUR;Forecast;;3377,9785069678346;3309,7301280250877;3447,936414077081;11,82;2024-12
2025-11-01;2025;11;Sonderanlagen;Umsatz_TEUR;Forecast;;3822,177406681339;3746,456774145698;3901,456205240139;11,82;2024-12
2025-12-01;2025;12;Sonderanlagen;Umsatz_TEUR;Forecast;;4429,057069947684;4353,322027879024;4506,028975582744;11,82;2024-12
2022-01-01;2022;1;Standardmaschinen;Auftragseingang_TEUR;Ist;3145,0;3080,6892229890304;2876,83957224651;3252,3531366223965;22,56;2024-12
2022-02-01;2022;2;Standardmaschinen;Auftragseingang_TEUR;Ist;3768,7;3801,9391335018477;3614,742640216349;3989,1185167155427;22,56;2024-12
2022-03-01;2022;3;Standardmaschinen;Auftragseingang_TEUR;Ist;3822,6;4070,5387183464177;3893,3288098490793;4259,258518497492;22,56;2024-12
2022-04-01;2022;4;Standardmaschinen;Auftragseingang_TEUR;Ist;4075,1;3981,9733431331115;3785,700757703578;4160,589365941839;22,56;2024-12
2022-05-01;2022;5;Standardmaschinen;Auftragseingang_TEUR;Ist;4325,2;4070,0202619936726;3887,376781245977;4250,888964610973;22,56;2024-12
2022-06-01;2022;6;Standardmaschinen;Auftragseingang_TEUR;Ist;4284,3;4429,97929356315;4262,4404350299055;4616,895532998102;22,56;2024-12
2022-07-01;2022;7;Standardmaschinen;Auftragseingang_TEUR;Ist;3089,4;3255,7420163857996;3092,5866046691826;3447,0780122064702;22,56;2024-12
2022-08-01;2022;8;Standardmaschinen;Auftragseingang_TEUR;Ist;3721,0;3288,3317590901015;3097,839558161591;3480,546001696495;22,56;2024-12
2022-09-01;2022;9;Standardmaschinen;Auftragseingang_TEUR;Ist;4016,6;4140,178187123269;3958,564904075124;4325,539414131253;22,56;2024-12
2022-10-01;2022;10;Standardmaschinen;Auftragseingang_TEUR;Ist;4894,9;4737,305726472809;4563,567898896678;4924,881187132569;22,56;2024-12
2022-11-01;2022;11;Standardmaschinen;Auftragseingang_TEUR;Ist;5046,5;4978,743146857395;4788,847276491624;5153,032730059974;22,56;2024-12
2022-12-01;2022;12;Standardmaschinen;Auftragseingang_TEUR;Ist;5479,2;5625,354937985703;5450,072933726643;5802,450203164108;22,56;2024-12
2023-01-01;2023;1;Standardmaschinen;Auftragseingang_TEUR;Ist;3312,5;3403,1017912117013;3208,9683144135024;3584,1813513872485;22,56;2024-12
2023-02-01;2023;2;Standardmaschinen;Auftragseingang_TEUR;Ist;3872,0;3734,835001955151;3552,2091330484404;3910,662476514789;22,56;2024-12
2023-03-01;2023;3;Standardmaschinen;Auftragseingang_TEUR;Ist;4333,5;4207,673072024967;4030,8881224352876;4388,239073761644;22,56;2024-12
2023-04-01;2023;4;Standardmaschinen;Auftragseingang_TEUR;Ist;3951,0;4053,0202492223502;3882,7402965280353;4218,418330369447;22,56;2024-12
2023-05-01;2023;5;Standardmaschinen;Auftragseingang_TEUR;Ist;3956,4;4162,136999828061;3984,8919369408745;4350,834877374846;22,56;2024-12
2023-06-01;2023;6;Standardmaschinen;Auftragseingang_TEUR;Ist;4511,9;4450,5500230322705;4267,037310059331;4630,813241122031;22,56;2024-12
2023-07-01;2023;7;Standardmaschinen;Auftragseingang_TEUR;Ist;3390,5;3311,5342342412973;3122,894526778513;3493,6871958696006;22,56;2024-12
2023-08-01;2023;8;Standardmaschinen;Auftragseingang_TEUR;Ist;3188,5;3487,552288363573;3306,331738388882;3673,6134470452284;22,56;2024-12
2023-09-01;2023;9;Standardmaschinen;Auftragseingang_TEUR;Ist;4330,2;4257,23127068741;4075,550788025959;4441,310219668364;22,56;2024-12
2023-10-01;2023;10;Standardmaschinen;Auftragseingang_TEUR;Ist;4860,0;4964,251458446464;4787,5593991294245;5140,3410867341645;22,56;2024-12
2023-11-01;2023;11;Standardmaschinen;Auftragseingang_TEUR;Ist;4818,8;4860,834637725123;4692,990075772027;5037,713441438589;22,56;2024-12
2023-12-01;2023;12;Standardmaschinen;Auftragseingang_TEUR;Ist;5962,6;5870,635079485932;5688,362355324506;6050,493069732823;22,56;2024-12
2024-01-01;2024;1;Standardmaschinen;Auftragseingang_TEUR;Ist;3835,6;3808,5032997161547;3627,0208439927533;3990,8531175744574;22,56;2024-12
2024-02-01;2024;2;Standardmaschinen;Auftragseingang_TEUR;Ist;3642,7;3742,2170996228056;3578,1233891429447;3924,345678264891;22,56;2024-12
2024-03-01;2024;3;Standardmaschinen;Auftragseingang_TEUR;Ist;4358,7;4246,476652349124;4071,3169365471736;4421,710027773764;22,56;2024-12
2024-04-01;2024;4;Standardmaschinen;Auftragseingang_TEUR;Ist;4305,9;4295,164240214591;4106,260904433433;4473,53790846606;22,56;2024-12
2024-05-01;2024;5;Standardmaschinen;Auftragseingang_TEUR;Ist;4319,6;4361,436473084643;4164,209404171607;4543,314966177088;22,56;2024-12
2024-06-01;2024;6;Standardmaschinen;Auftragseingang_TEUR;Ist;5010,1;4932,796939976987;4760,553293309639;5108,270496144855;22,56;2024-12
2024-07-01;2024;7;Standardmaschinen;Auftragseingang_TEUR;Ist;3639,2;3559,8139269638878;3368,08730368238;3720,8210616173237;22,56;2024-12
2024-08-01;2024;8;Standardmaschinen;Auftragseingang_TEUR;Ist;3202,4;3318,888916790536;3128,038841790164;3489,16106746086;22,56;2024-12
2024-09-01;2024;9;Standardmaschinen;Auftragseingang_TEUR;Ist;4541,0;4496,071400483321;4321,350748513776;4681,595855030601;22,56;2024-12
2024-10-01;2024;10;Standardmaschinen;Auftragseingang_TEUR;Ist;4940,1;4985,872714058636;4802,571169877081;5160,394954856454;22,56;2024-12
2024-11-01;2024;11;Standardmaschinen;Auftragseingang_TEUR;Ist;6037,5;6059,407891441123;5883,8037678102;6236,3108560727405;22,56;2024-12
2024-12-01;2024;12;Standardmaschinen;Auftragseingang_TEUR;Ist;6168,8;6122,110973617704;5929,879710732365;6284,894076934066;22,56;2024-12
2025-01-01;2025;1;Standardmaschinen;Auftragseingang_TEUR;Forecast;;3180,9465132663872;3001,8159908876505;3365,959343388733;22,56;2024-12
2025-02-01;2025;2;Standardmaschinen;Auftragseingang_TEUR;Forecast;;4447,64265278951;4253,752307106624;4622,554988215619;22,56;2024-12
2025-03-01;2025;3;Standardmaschinen;Auftragseingang_TEUR;Forecast;;4546,589656962028;4358,827459842513;4713,06908271944;22,56;2024-12
2025-04-01;2025;4;Standardmaschinen;Auftragseingang_TEUR;Forecast;;4528,766215734086;4339,535258912361;4708,2020337331915;22,56;2024-12
2025-05-01;2025;5;Standardmaschinen;Auftragseingang_TEUR;Forecast;;4619,529558877039;4459,861040648419;4798,401357326632;22,56;2024-12
2025-06-01;2025;6;Standardmaschinen;Auftragseingang_TEUR;Forecast;;5132,117669873704;4960,172309996695;5319,1723901642845;22,56;2024-12
2025-07-01;2025;7;Standardmaschinen;Auftragseingang_TEUR;Forecast;;3739,8987697767184;3543,971938684381;3901,2357449126025;22,56;2024-12
2025-08-01;2025;8;Standardmaschinen;Auftragseingang_TEUR;Forecast;;3637,16981302322;3451,1179521137356;3826,629255504157;22,56;2024-12
2025-09-01;2025;9;Standardmaschinen;Auftragseingang_TEUR;Forecast;;4754,497695843316;4564,609975277989;4921,898343194065;22,56;2024-12
2025-10-01;2025;10;Standardmaschinen;Auftragseingang_TEUR;Forecast;;5364,53244042998;5193,392749472578;5549,183011894915;22,56;2024-12
2025-11-01;2025;11;Standardmaschinen;Auftragseingang_TEUR;Forecast;;6075,240048185472;5887,014170951703;6257,757522540712;22,56;2024-12
2025-12-01;2025;12;Standardmaschinen;Auftragseingang_TEUR;Forecast;;6485,845300655244;6292,121957201903;6688,227115452255;22,56;2024-12
2022-01-01;2022;1;Standardmaschinen;Deckungsbeitrag_TEUR;Ist;1325,1;1299,850156524598;1210,6955887699476;1387,8680762774568;14,86;2024-12
2022-02-01;2022;2;Standardmaschinen;Deckungsbeitrag_TEUR;Ist;1329,0;1415,0025477878528;1328,0174440444023;1505,1493218066541;14,86;2024-12
2022-03-01;2022;3;Standardmaschinen;Deckungsbeitrag_TEUR;Ist;1427,8;1532,74005512247;1441,7801753477693;1619,3961256459843;14,86;2024-12
2022-04-01;2022;4;Standardmaschinen;Deckungsbeitrag_TEUR;Ist;1446,1;1465,1200741326222;1375,152251375272;1547,7948644559826;14,86;2024-12
2022-05-01;2022;5;Standardmaschinen;Deckungsbeitrag_TEUR;Ist;1620,3;1520,8887393044083;1435,8555268580146;1604,0399629534797;14,86;2024-12
2022-06-01;2022;6;Standardmaschinen;Deckungsbeitrag_TEUR;Ist;1829,6;1684,4550308872817;1594,4955795039386;1770,989330596583;14,86;2024-12
2022-07-01;2022;7;Standardmaschinen;Deckungsbeitrag_TEUR;Ist;1248,8;1315,7116322093468;1226,7872366124245;1404,835676200529;14,86;2024-12
2022-08-01;2022;8;Standardmaschinen;Deckungsbeitrag_TEUR;Ist;1436,1;1393,5700255155257;1300,986135287959;1477,6826933515626;14,86;2024-12
2022-09-01;2022;9;Standardmaschinen;Deckungsbeitrag_TEUR;Ist;1556,4;1660,6956127140954;1566,3341922224054;1748,863910564783;14,86;2024-12
2022-10-01;2022;10;Standardmaschinen;Deckungsbeitrag_TEUR;Ist;1709,4;1706,1301772008594;1611,849778248228;1794,3766807320665;14,86;2024-12
2022-11-01;2022;11;Standardmaschinen;Deckungsbeitrag_TEUR;Ist;1906,6;1795,775556473556;1711,8156363152425;1887,3067223585674;14,86;2024-12
2022-12-01;2022;12;Standardmaschinen;Deckungsbeitrag_TEUR;Ist;2413,1;2413,6888095461304;2322,485730033023;2499,969997726785;14,86;2024-12
2023-01-01;2023;1;Standardmaschinen;Deckungsbeitrag_TEUR;Ist;1212,7;1380,8172616134912;1293,2128326933305;1475,2973686117934;14,86;2024-12
2023-02-01;2023;2;Standardmaschinen;Deckungsbeitrag_TEUR;Ist;1510,1;1468,114516755698;1386,4615682283074;1550,9360608409204;14,86;2024-12
2023-03-01;2023;3;Standardmaschinen;Deckungsbeitrag_TEUR;Ist;1652,2;1555,26974727713;1465,6468416111181;1646,3733009909968;14,86;2024-12
2023-04-01;2023;4;Standardmaschinen;Deckungsbeitrag_TEUR;Ist;1576,5;1555,588568036548;1463,5932788586754;1641,8266848224962;14,86;2024-12
2023-05-01;2023;5;Standardmaschinen;Deckungsbeitrag_TEUR;Ist;1494,9;1566,3310382778361;1474,0083378595382;1655,2875237644769;14,86;2024-12
2023-06-01;2023;6;Standardmaschinen;Deckungsbeitrag_TEUR;Ist;1629,2;1739,8212729326701;1654,0783620626676;1831,1428152693675;14,86;2024-12
2023-07-01;2023;7;Standardmaschinen;Deckungsbeitrag_TEUR;Ist;1331,6;1309,422574608682;1220,5959228119286;1402,9005270280452;14,86;2024-12
2023-08-01;2023;8;Standardmaschinen;Deckungsbeitrag_TEUR;Ist;1465,3;1509,5818524752144;1420,7978965920408;1602,2179377772366;14,86;2024-12
2023-09-01;2023;9;Standardmaschinen;Deckungsbeitrag_TEUR;Ist;1732,6;1672,7573620717042;1580,4256316515866;1761,8857882986297;14,86;2024-12
2023-10-01;2023;10;Standardmaschinen;Deckungsbeitrag_TEUR;Ist;1787,9;1784,195936720073;1699,1454306209332;1866,9780899819489;14,86;2024-12
2023-11-01;2023;11;Standardmaschinen;Deckungsbeitrag_TEUR;Ist;1831,7;1880,7917754834682;1783,3314963709993;1969,1348758702743;14,86;2024-12
2023-12-01;2023;12;Standardmaschinen;Deckungsbeitrag_TEUR;Ist;2467,8;2432,066112490678;2338,433943797749;2519,9312812474213;14,86;2024-12
2024-01-01;2024;1;Standardmaschinen;Deckungsbeitrag_TEUR;Ist;1604,3;1465,0906770742238;1374,1712040630937;1553,4141687623082;14,86;2024-12
2024-02-01;2024;2;Standardmaschinen;Deckungsbeitrag_TEUR;Ist;1560,8;1520,9676092263292;1428,4098188654584;1614,9994705545955;14,86;2024-12
2024-03-01;2024;3;Standardmaschinen;Deckungsbeitrag_TEUR;Ist;1705,2;1700,1610002074126;1605,3071269178477;1794,4544188974573;14,86;2024-12
2024-04-01;2024;4;Standardmaschinen;Deckungsbeitrag_TEUR;Ist;1479,9;1481,8275888574688;1395,573572761885;1576,075350467326;14,86;2024-12
2024-05-01;2024;5;Standardmaschinen;Deckungsbeitrag_TEUR;Ist;1611,2;1634,7141901134594;1547,1911723792077;1721,5753229004101;14,86;2024-12
2024-06-01;2024;6;Standardmaschinen;Deckungsbeitrag_TEUR;Ist;1771,0;1799,5116232696191;1712,1647549203549;1878,5985970829431;14,86;2024-12
2024-07-01;2024;7;Standardmaschinen;Deckungsbeitrag_TEUR;Ist;1553,3;1511,9218180905048;1420,9560305387058;1599,9513849788866;14,86;2024-12
2024-08-01;2024;8;Standardmaschinen;Deckungsbeitrag_TEUR;Ist;1348,5;1345,4707599582835;1258,0927056754253;1437,6319869385977;14,86;2024-12
2024-09-01;2024;9;Standardmaschinen;Deckungsbeitrag_TEUR;Ist;1900,2;1860,527978625605;1766,9881091110767;1947,413777138273;14,86;2024-12
2024-10-01;2024;10;Standardmaschinen;Deckungsbeitrag_TEUR;Ist;1771,2;1778,1119608429594;1689,1339339548513;1865,8141555745538;14,86;2024-12
2024-11-01;2024;11;Standardmaschinen;Deckungsbeitrag_TEUR;Ist;1804,0;1860,7361509699497;1771,3746787096918;1944,6906487397866;14,86;2024-12
2024-12-01;2024;12;Standardmaschinen;Deckungsbeitrag_TEUR;Ist;2666,4;2700,6761269399553;2606,523464968084;2789,043141913153;14,86;2024-12
2025-01-01;2025;1;Standardmaschinen;Deckungsbeitrag_TEUR;Forecast;;1395,4349836593553;1307,848950336942;1485,6244994379401;14,86;2024-12
2025-02-01;2025;2;Standardmaschinen;Deckungsbeitrag_TEUR;Forecast;;1554,2173085582529;1470,0473195829816;1639,7534161330668;14,86;2024-12
2025-03-01;2025;3;Standardmaschinen;Deckungsbeitrag_TEUR;Forecast;;1721,2059868682395;1620,8849584429888;1802,9730173818537;14,86;2024-12
2025-04-01;2025;4;Standardmaschinen;Deckungsbeitrag_TEUR;Forecast;;1571,0700075892287;1484,339345127659;1659,4816796312027;14,86;2024-12
2025-05-01;2025;5;Standardmaschinen;Deckungsbeitrag_TEUR;Forecast;;1680,8531911381504;1589,519733235751;1771,3465513123613;14,86;2024-12
2025-06-01;2025;6;Standardmaschinen;Deckungsbeitrag_TEUR;Forecast;;1855,5826165006354;1762,618741625289;1949,2329130470869;14,86;2024-12
2025-07-01;2025;7;Standardmaschinen;Deckungsbeitrag_TEUR;Forecast;;1503,167743011154;1421,3666670871057;1596,4932379221752;14,86;2024-12
2025-08-01;2025;8;Standardmaschinen;Deckungsbeitrag_TEUR;Forecast;;1460,193238497788;1372,8363292337813;1554,7814134650446;14,86;2024-12
2025-09-01;2025;9;Standardmaschinen;Deckungsbeitrag_TEUR;Forecast;;1872,8208503140652;1781,8360033785618;1969,9669601104051;14,86;2024-12
2025-10-01;2025;10;Standardmaschinen;Deckungsbeitrag_TEUR;Forecast;;1854,4715494813524;1768,713190139848;1947,6360242316287;14,86;2024-12
2025-11-01;2025;11;Standardmaschinen;Deckungsbeitrag_TEUR;Forecast;;1946,699422294865;1861,685696035435;2038,4047054803164;14,86;2024-12
2025-12-01;2025;12;Standardmaschinen;Deckungsbeitrag_TEUR;Forecast;;2718,55593401338;2619,566628009997;2804,1306094487977;14,86;2024-12
2022-01-01;2022;1;Standardmaschinen;Umsatz_TEUR;Ist;2982,1;2951,03214412139;2828,0261031386235;3079,897290412922;18,15;2024-12
2022-02-01;2022;2;Standardmaschinen;Umsatz_TEUR;Ist;3335,5;3408,434724455636;3289,366372806338;3535,058398358173;18,15;2024-12
2022-03-01;2022;3;Standardmaschinen;Umsatz_TEUR;Ist;3455,0;3593,1492208921877;3470,947118296441;3723,1884984268154;18,15;2024-12
2022-04-01;2022;4;Standardmaschinen;Umsatz_TEUR;Ist;3663,6;3626,0464985878875;3501,097090582601;3746,0158557857617;18,15;2024-12
2022-05-01;2022;5;Standardmaschinen;Umsatz_TEUR;Ist;3875,9;3659,871406409842;3529,9183120268776;3780,1703197269053;18,15;2024-12
2022-06-01;2022;6;Standardmaschinen;Umsatz_TEUR;Ist;3958,1;3932,6409002044766;3812,909985069959;4060,860641757001;18,15;2024-12
2022-07-01;2022;7;Standardmaschinen;Umsatz_TEUR;Ist;2847,7;3020,553628751773;2896,4260735862963;3147,0235273845506;18,15;2024-12
2022-08-01;2022;8;Standardmaschinen;Umsatz_TEUR;Ist;3226,5;3078,4539795023475;2954,0919749911745;3195,4694514804846;18,15;2024-12
2022-09-01;2022;9;Standardmaschinen;Umsatz_TEUR;Ist;3622,0;3721,4875962966157;3598,1275074001874;3852,820750759083;18,15;2024-12
2022-10-01;2022;10;Standardmaschinen;Umsatz_TEUR;Ist;4280,2;4084,041262776083;3965,6559082949093;4204,945747965137;18,15;2024-12
2022-11-01;2022;11;Standardmaschinen;Umsatz_TEUR;Ist;4399,0;4485,158324532242;4358,096628438985;4606,086467525236;18,15;2024-12
2022-12-01;2022;12;Standardmaschinen;Umsatz_TEUR;Ist;5280,3;5196,3971860332285;5074,344387228518;5329,968694849524;18,15;2024-12
2023-01-01;2023;1;Standardmaschinen;Umsatz_TEUR;Ist;2990,0;3133,6247863788453;3005,6052064228575;3261,7107716318847;18,15;2024-12
2023-02-01;2023;2;Standardmaschinen;Umsatz_TEUR;Ist;3492,3;3457,7791593234215;3331,091410613752;3578,650274565383;18,15;2024-12
2023-03-01;2023;3;Standardmaschinen;Umsatz_TEUR;Ist;3851,5;3736,7731759924677;3602,3422506765687;3860,805822896081;18,15;2024-12
2023-04-01;2023;4;Standardmaschinen;Umsatz_TEUR;Ist;3661,8;3681,8152634838784;3561,8198132389016;3805,284341151818;18,15;2024-12
2023-05-01;2023;5;Standardmaschinen;Umsatz_TEUR;Ist;3683,1;3837,9547595704794;3715,7182282856165;3961,738556164381;18,15;2024-12
2023-06-01;2023;6;Standardmaschinen;Umsatz_TEUR;Ist;4012,1;4061,2698012861047;3936,1785323479294;4190,106388256466;18,15;2024-12
2023-07-01;2023;7;Standardmaschinen;Umsatz_TEUR;Ist;3149,0;3083,545132393074;2963,879649273935;3203,7979146306893;18,15;2024-12
2023-08-01;2023;8;Standardmaschinen;Umsatz_TEUR;Ist;3124,7;3266,3945938858983;3146,864872806912;3385,3917224142906;18,15;2024-12
2023-09-01;2023;9;Standardmaschinen;Umsatz_TEUR;Ist;3859,4;3835,754560000234;3711,8010271251137;3955,281185934488;18,15;2024-12
2023-10-01;2023;10;Standardmaschinen;Umsatz_TEUR;Ist;4148,7;4299,719567553666;4185,090219842693;4422,304242106206;18,15;2024-12
2023-11-01;2023;11;Standardmaschinen;Umsatz_TEUR;Ist;4595,2;4544,770923928927;4417,832454764823;4670,148801228736;18,15;2024-12
2023-12-01;2023;12;Standardmaschinen;Umsatz_TEUR;Ist;5514,0;5553,792675067883;5433,706162693387;5665,878969230326;18,15;2024-12
2024-01-01;2024;1;Standardmaschinen;Umsatz_TEUR;Ist;3412,8;3304,6137220977894;3178,212860181621;3425,9923915936006;18,15;2024-12
2024-02-01;2024;2;Standardmaschinen;Umsatz_TEUR;Ist;3569,6;3535,4451301115078;3402,626716692605;3655,6226153671964;18,15;2024-12
2024-03-01;2024;3;Standardmaschinen;Umsatz_TEUR;Ist;3916,9;3898,378764315865;3776,9771098091423;4013,9589801531233;18,15;2024-12
2024-04-01;2024;4;Standardmaschinen;Umsatz_TEUR;Ist;3961,8;3976,2817646723115;3854,9817125431787;4103,995032383014;18,15;2024-12
2024-05-01;2024;5;Standardmaschinen;Umsatz_TEUR;Ist;3884,2;3934,0148427663426;3819,386846551295;4062,850729913206;18,15;2024-12
2024-06-01;2024;6;Standardmaschinen;Umsatz_TEUR;Ist;4474,8;4451,082262144346;4327,54309929869;4574,141446920624;18,15;2024-12
2024-07-01;2024;7;Standardmaschinen;Umsatz_TEUR;Ist;3417,7;3322,488119676497;3205,1558738222675;3455,1339271981906;18,15;2024-12
2024-08-01;2024;8;Standardmaschinen;Umsatz_TEUR;Ist;3126,5;3127,5338024851953;2995,25531256329;3251,1401077207033;18,15;2024-12
2024-09-01;2024;9;Standardmaschinen;Umsatz_TEUR;Ist;4455,8;4388,451748329378;4270,384873607938;4515,989439502418;18,15;2024-12
2024-10-01;2024;10;Standardmaschinen;Umsatz_TEUR;Ist;4310,4;4345,274102358472;4219,053320681982;4473,722820378111;18,15;2024-12
2024-11-01;2024;11;Standardmaschinen;Umsatz_TEUR;Ist;5377,2;5347,44043164755;5229,108065027606;5481,607026418142;18,15;2024-12
2024-12-01;2024;12;Standardmaschinen;Umsatz_TEUR;Ist;5533,9;5571,423882685747;5446,454145316156;5695,174451261315;18,15;2024-12
2025-01-01;2025;1;Standardmaschinen;Umsatz_TEUR;Forecast;;3331,8432214843447;3211,7998612704678;3458,7077776224814;18,15;2024-12
2025-02-01;2025;2;Standardmaschinen;Umsatz_TEUR;Forecast;;4053,95426981098;3934,4685005199267;4174,697596921802;18,15;2024-12
2025-03-01;2025;3;Standardmaschinen;Umsatz_TEUR;Forecast;;4115,8827094329545;3994,488781695697;4242,664749375514;18,15;2024-12
2025-04-01;2025;4;Standardmaschinen;Umsatz_TEUR;Forecast;;4214,162000316176;4089,1849101657667;4342,4447986665955;18,15;2024-12
2025-05-01;2025;5;Standardmaschinen;Umsatz_TEUR;Forecast;;4229,667676652278;4111,658013591809;4363,186861320488;18,15;2024-12
2025-06-01;2025;6;Standardmaschinen;Umsatz_TEUR;Forecast;;4677,513762876376;4555,749173098209;4789,693078908547;18,15;2024-12
2025-07-01;2025;7;Standardmaschinen;Umsatz_TEUR;Forecast;;3513,454710100548;3387,0846945689855;3641,094841660652;18,15;2024-12
2025-08-01;2025;8;Standardmaschinen;Umsatz_TEUR;Forecast;;3461,3148812234253;3335,212354285749;3588,9088710507713;18,15;2024-12
2025-09-01;2025;9;Standardmaschinen;Umsatz_TEUR;Forecast;;4547,032324513049;4418,293143291325;4672,342870816809;18,15;2024-12
2025-10-01;2025;10;Standardmaschinen;Umsatz_TEUR;Forecast;;4709,757122430156;4595,186991376897;4842,632622292066;18,15;2024-12
2025-11-01;2025;11;Standardmaschinen;Umsatz_TEUR;Forecast;;5493,4849445884665;5359,541687776095;5619,250882751115;18,15;2024-12
2025-12-01;2025;12;Standardmaschinen;Umsatz_TEUR;Forecast;;6034,542235433681;5902,598319406548;6156,317210297638;18,15;2024-12
